"TEST_HEADER_START","Data source","Date","Time","Start Timestamp","End Timestamp","Specimen identifier","TEST_HEADER_END","SPECIMEN_HEADER_START","Specimen type","Thickness (mm)","Area (sq mm)","Axial Gauge Length (mm)","Transverse Gauge Length (mm)","Grip Separation (mm)","SPECIMEN_HEADER_END","RESULTS_HEADER_START","Extension at 0.000 N (mm) ","Load at Break (N) ","Load at 0.00% Disp (N) ","RESULTS_HEADER_END"
"TEST_INFO_START","11-2026-01-08-11-44-17.mtwData","2026-01-08","11:44:17","2026-01-08 11:44:17.288","2026-01-08 11:44:17.333","11","TEST_INFO_END","SPECIMEN_INFO_START","Thickness",1.82,999999.9,7.6199994,7.6199994,27.810001,"SPECIMEN_INFO_END","RESULTS_INFO_START","0.000","-0.032","RESULTS_INFO_END"

"Time","Load (N)","Position (mm)","Control Out (V)"
0.0,-0.03199989,0.0,0.28749314
0.009999990463256836,-0.03199989,6.737076E-5,0.28749314
0.019999980926513672,-0.027999906,1.3474152E-4,0.2887139
0.029999971389770508,-0.007999972,1.3474152E-4,0.2899347
0.039999961853027344,0.007999972,1.3474152E-4,0.29115546
0.04999995231628418,-0.007999972,1.3474152E-4,0.29237625
0.06000018119812012,0.015999945,2.0211228E-4,0.293597
0.07000017166137695,0.011999959,2.0211228E-4,0.293597
0.08000016212463379,0.027999906,2.6948305E-4,0.2948178
0.09000015258789062,0.03599988,3.3685373E-4,0.29603857
0.10000014305114746,0.047999837,3.3685373E-4,0.29603857
0.1100001335144043,0.05599981,4.7159527E-4,0.29725936
0.12000012397766113,0.075999744,5.389661E-4,0.29725936
0.13000011444091797,0.12399958,6.7370746E-4,0.29725936
0.23000001907348633,0.2319992,0.0010779321,0.3058048
0.3300001621246338,0.41599858,0.0018190102,0.3119087
0.43000006675720215,1.7959938,0.007276041,0.28627235
0.5299999713897705,2.0719929,0.007882378,0.293597
0.630000114440918,2.059993,0.007949749,0.30458403
0.7300000190734863,2.0919929,0.008286602,0.31312945
0.8300001621246338,3.4119885,0.01340678,0.2899347
0.9300000667572021,3.5999877,0.013811003,0.29848012
1.0299999713897705,3.5879877,0.013945745,0.30946714
1.130000114440918,3.6679876,0.014417341,0.31801257
1.2300000190734863,4.8319836,0.019133292,0.29603857
1.3300001621246338,5.7199807,0.022299718,0.28627235
1.4300000667572021,6.527978,0.025398772,0.27650613
1.5299999713897705,7.043976,0.027352525,0.27406457
1.630000114440918,7.695974,0.029845243,0.2679607
1.7300000190734863,7.655974,0.029912611,0.28016847
1.8300001621246338,7.6599736,0.030047355,0.2899347
1.9300000667572021,7.7879734,0.03065369,0.29725936
2.0299999713897705,7.8239737,0.030990547,0.30702558
2.129999876022339,7.943973,0.031529512,0.31435025
2.2300002574920654,8.295972,0.03307904,0.315571
2.330000162124634,9.947967,0.039075036,0.28505158
2.430000066757202,9.947967,0.039209776,0.29603857
2.5299999713897705,9.975966,0.03947926,0.3058048
2.629999876022339,10.603964,0.041971978,0.29970092
2.7300002574920654,11.41596,0.044936292,0.29115546
2.830000162124634,11.49596,0.04561,0.29725936
2.930000066757202,12.171959,0.048237458,0.29115546
3.0299999713897705,12.715958,0.050191212,0.2887139
3.129999876022339,12.647958,0.050191212,0.30092168
3.2300002574920654,12.603957,0.050191212,0.3119087
3.330000162124634,12.575957,0.050191212,0.32411647
3.430000066757202,12.635957,0.050662808,0.33144113
3.5299999713897705,12.919956,0.051808108,0.33510345
3.629999876022339,13.419954,0.054031342,0.3326619
3.7300002574920654,14.491951,0.057804104,0.31801257
3.830000162124634,15.135948,0.060633678,0.30946714
3.930000066757202,17.59194,0.069728725,0.25819448
4.0299999713897705,17.80794,0.0704698,0.26429835
4.129999876022339,17.85194,0.071008764,0.2728438
4.230000257492065,17.927938,0.07154773,0.28016847
4.330000162124634,18.587936,0.07430993,0.2728438
4.430000066757202,19.047935,0.07592683,0.2728438
4.5299999713897705,19.007936,0.0759942,0.2838308
4.629999876022339,18.943935,0.0759942,0.2948178
4.730000257492065,18.971935,0.07633106,0.30458403
4.830000162124634,19.079935,0.0769374,0.3119087
4.930000066757202,19.627932,0.07916063,0.30824634
5.0299999713897705,20.58393,0.0824618,0.29603857
5.129999876022339,20.53193,0.08273128,0.3058048
5.230000257492065,20.68393,0.08340499,0.31312945
5.330000162124634,21.087927,0.085224,0.3119087
5.430000066757202,21.855927,0.0879862,0.30458403
5.5299999713897705,21.827925,0.08818831,0.31435025
5.629999876022339,21.859924,0.08845779,0.32411647
5.730000257492065,21.979925,0.089131504,0.33144113
5.830000162124634,22.339924,0.090681024,0.33144113
5.930000066757202,24.319918,0.09822655,0.29115546
6.0299999713897705,25.175915,0.10098875,0.2838308
6.130000352859497,25.155914,0.10139298,0.29237625
6.229999780654907,25.359913,0.10240354,0.29725936
6.330000162124634,26.60791,0.106917374,0.27772692
6.429999589920044,26.69191,0.10752372,0.28505158
6.5299999713897705,26.82791,0.108332165,0.2899347
6.630000352859497,27.611906,0.11122911,0.28261003
6.729999780654907,27.583906,0.11136385,0.29237625
6.830000162124634,27.531906,0.11143122,0.30336323
6.929999589920044,27.499907,0.11163333,0.31312945
7.0299999713897705,27.715906,0.11264389,0.31801257
7.130000352859497,28.087904,0.11412606,0.31923336
7.229999780654907,28.475903,0.115945056,0.31801257
7.330000162124634,29.2479,0.11863989,0.3119087
7.429999589920044,29.2119,0.11877463,0.3216749
7.5299999713897705,29.2919,0.1193136,0.33022034
7.630000352859497,29.7039,0.12106524,0.32899958
7.729999780654907,30.739895,0.124972746,0.31312945
7.830000162124634,30.947895,0.1257812,0.31923336
7.929999589920044,31.035894,0.12638752,0.3277788
8.02999997138977,32.00389,0.13036239,0.3106879
8.130000352859497,33.575886,0.1358868,0.2838308
8.229999780654907,34.091885,0.13804266,0.28138924
8.330000162124634,33.971886,0.13804266,0.29237625
8.429999589920044,33.907883,0.13804266,0.30336323
8.52999997138977,33.827885,0.13804266,0.315571
8.630000352859497,33.755886,0.13804266,0.3277788
8.729999780654907,33.699886,0.13817741,0.337545
8.830000162124634,33.807884,0.13871637,0.34486967
8.929999589920044,34.219883,0.14053537,0.34486967
9.02999997138977,35.847878,0.1462619,0.3167918
9.130000352859497,36.347878,0.14861986,0.3119087
9.229999780654907,36.991875,0.15097785,0.30702558
9.330000162124634,36.987877,0.1513147,0.315571
9.429999589920044,37.03187,0.15178631,0.32411647
9.52999997138977,37.147873,0.15246,0.33144113
9.630000352859497,38.643867,0.15811916,0.30336323
9.729999780654907,38.88387,0.15919709,0.30824634
9.830000162124634,39.851868,0.16303723,0.293597
9.929999589920044,40.215866,0.16458674,0.293597
10.02999997138977,40.219864,0.1649236,0.30214247
10.130000352859497,40.27986,0.16552994,0.30946714
10.229999780654907,41.331856,0.1695048,0.293597
10.330000162124634,41.459858,0.17031325,0.29970092
10.429999589920044,41.60786,0.17118907,0.3058048
10.52999997138977,42.911854,0.1759724,0.2838308
10.630000352859497,42.919853,0.17624187,0.293597
10.729999780654907,42.835854,0.17637663,0.30336323
10.830000162124634,42.827854,0.17664611,0.31312945
10.929999589920044,42.90385,0.17711769,0.3216749
11.02999997138977,43.751854,0.18062098,0.30946714
11.130000352859497,44.455853,0.18318108,0.30336323
11.229999780654907,44.56785,0.18392214,0.30946714
11.330000162124634,45.571842,0.1879644,0.293597
11.429999589920044,45.719845,0.18863809,0.29970092
11.52999997138977,45.68384,0.18897496,0.30946714
11.630000352859497,45.743843,0.18937919,0.31801257
11.729999780654907,45.811844,0.18998551,0.32533723
11.830000162124634,46.29584,0.19214138,0.3216749
11.929999589920044,47.20384,0.1953078,0.3119087
12.02999997138977,47.28784,0.19604889,0.31801257
12.130000352859497,49.363834,0.20386389,0.27650613
12.229999780654907,50.54783,0.20831037,0.25575292
12.330000162124634,50.38783,0.20837772,0.2667399
12.429999589920044,50.38783,0.20878194,0.27650613
12.52999997138977,50.43583,0.20932092,0.2838308
12.630000352859497,51.231827,0.21268946,0.2728438
12.729999780654907,51.603825,0.2139695,0.27406457
12.830000162124634,51.475822,0.2139695,0.28627235
12.929999589920044,51.38783,0.21403688,0.29725936
13.02999997138977,51.347828,0.21423899,0.30824634
13.130000352859497,51.391827,0.21471058,0.315571
13.229999780654907,51.443825,0.21524955,0.32289568
13.330000162124634,52.95982,0.22077395,0.29603857
13.429999589920044,52.87582,0.22077395,0.30824634
13.52999997138977,52.779823,0.22084132,0.31923336
13.630000352859497,52.81182,0.22131291,0.3277788
13.729999780654907,53.511814,0.22441196,0.31801257
13.830000162124634,54.14782,0.22650047,0.31435025
13.929999589920044,54.035812,0.22650047,0.32655802
14.02999997138977,53.983814,0.22670257,0.33632424
14.130000352859497,54.05982,0.22724153,0.3436489
14.230000734329224,54.959812,0.23101431,0.32899958
14.329999208450317,57.407803,0.23963776,0.28138924
14.429999589920044,57.367805,0.24004199,0.2899347
14.52999997138977,58.167805,0.24354525,0.27772692
14.630000352859497,58.5038,0.24489269,0.28016847
14.730000734329224,58.531803,0.24556641,0.28627235
14.829999208450317,58.5998,0.24617273,0.2948178
14.929999589920044,59.5118,0.24974339,0.28016847
15.02999997138977,59.4638,0.24987811,0.29115546
15.130000352859497,59.3718,0.24987811,0.30336323
15.230000734329224,59.271797,0.24994549,0.31435025
15.329999208450317,59.2678,0.250215,0.32289568
15.429999589920044,59.431797,0.25115815,0.32899958
15.52999997138977,59.791798,0.25277507,0.32899958
15.630000352859497,60.659794,0.25627834,0.315571
15.730000734329224,60.815792,0.25708678,0.3216749
15.829999208450317,61.111794,0.2584342,0.32411647
15.929999589920044,61.75179,0.2612638,0.3167918
16.02999997138977,62.387787,0.2637565,0.3106879
16.130000352859497,62.387787,0.26409337,0.31923336
16.230000734329224,63.099785,0.2672598,0.30946714
16.329999208450317,64.56778,0.27264944,0.2838308
16.429999589920044,65.171776,0.27534428,0.27650613
16.52999997138977,65.19578,0.27574852,0.28505158
16.630000352859497,65.059784,0.27581584,0.29603857
16.730000734329224,64.95978,0.27581584,0.30824634
16.829999208450317,64.87178,0.2759506,0.31801257
16.929999589920044,64.81578,0.276018,0.32899958
17.02999997138977,64.85978,0.27655694,0.337545
17.130000352859497,65.06778,0.27770224,0.34120736
17.230000734329224,66.70777,0.28363088,0.3119087
17.329999208450317,66.615776,0.2837656,0.3216749
17.429999589920044,66.53977,0.28396773,0.3326619
17.52999997138977,67.01577,0.28619096,0.32899958
17.630000352859497,67.98377,0.28976163,0.315571
17.730000734329224,67.96377,0.29009846,0.32411647
17.829999208450317,68.663765,0.29326487,0.31435025
17.929999589920044,69.47976,0.29636395,0.30336323
18.02999997138977,69.91176,0.29865456,0.29970092
18.130000352859497,70.79976,0.30215782,0.28749314
18.230000734329224,71.03976,0.30343786,0.2899347
18.329999208450317,71.57976,0.30579585,0.28505158
18.429999589920044,71.639755,0.30646956,0.29237625
18.52999997138977,71.51176,0.3065369,0.30336323
18.630000352859497,71.403755,0.3065369,0.31435025
18.730000734329224,71.28776,0.3065369,0.32533723
18.829999208450317,71.319756,0.30721065,0.3326619
18.929999589920044,71.99576,0.30997282,0.32533723
19.02999997138977,73.50375,0.31542987,0.29970092
19.130000352859497,73.48375,0.31596884,0.30702558
19.230000734329224,73.94375,0.31805733,0.30336323
19.329999208450317,74.631744,0.32081953,0.29603857
19.429999589920044,74.739746,0.32169533,0.30214247
19.52999997138977,75.39175,0.32472703,0.29237625
19.630000352859497,75.79974,0.32634395,0.29237625
19.730000734329224,75.66374,0.32641128,0.30336323
19.829999208450317,75.68374,0.32681552,0.31312945
19.929999589920044,75.73174,0.3275566,0.31923336
20.02999997138977,75.79574,0.32809556,0.32655802
20.130000352859497,77.08374,0.3332831,0.30214247
20.230000734329224,77.13974,0.33375472,0.3106879
20.329999208450317,77.67973,0.33644953,0.30336323
20.429999589920044,79.67173,0.34386033,0.26429835
20.52999997138977,80.11973,0.34594882,0.26063603
20.630000352859497,79.999725,0.34615093,0.27040225
20.730000734329224,79.931725,0.3464204,0.28016847
20.829999208450317,79.99173,0.3471615,0.28749314
20.929999589920044,80.69972,0.35046268,0.27650613
21.02999997138977,81.20772,0.35234904,0.27406457
21.130000352859497,81.067726,0.35234904,0.28627235
21.230000734329224,80.95572,0.35234904,0.29725936
21.329999208450317,80.89573,0.35255116,0.30824634
21.429999589920044,80.84373,0.352888,0.3167918
21.52999997138977,81.347725,0.35517862,0.3119087
21.630000352859497,82.235725,0.35847977,0.30092168
21.730000734329224,82.13972,0.3586819,0.3119087
21.829999208450317,82.21972,0.3593556,0.31801257
21.929999589920044,83.16372,0.36346522,0.30092168
22.02999997138977,83.40372,0.3644084,0.3058048
22.130000352859497,83.27972,0.3644084,0.31801257
22.230000734329224,83.18771,0.36454314,0.3277788
22.329999208450317,83.23571,0.36521685,0.33510345
22.429999589920044,84.18771,0.36925912,0.31923336
22.52999997138977,86.25571,0.3770067,0.27650613
22.630000352859497,86.287704,0.37754568,0.2838308
22.730000734329224,86.1557,0.37768045,0.29603857
22.829999208450317,86.13171,0.37808466,0.30336323
22.929999589920044,87.2037,0.3825985,0.2838308
23.02999997138977,87.5957,0.38428277,0.2838308
23.130000352859497,87.6157,0.38495648,0.29115546
23.230000734329224,88.1957,0.3875166,0.28505158
23.329999208450317,88.1517,0.38778606,0.293597
23.429999589920044,88.1037,0.38819027,0.30336323
23.52999997138977,88.1717,0.38886398,0.30946714
23.630000352859497,88.223694,0.38940296,0.31801257
23.730000734329224,88.48769,0.39075038,0.31923336
23.829999208450317,89.3437,0.39438838,0.3058048
23.929999589920044,89.387695,0.39485997,0.31435025
24.02999997138977,89.44769,0.39560106,0.3216749
24.130000352859497,89.695694,0.39694846,0.32289568
24.230000734329224,90.875694,0.4015297,0.30336323
24.329999208450317,90.81569,0.40179917,0.31312945
24.429999589920044,90.88369,0.40260762,0.31801257
24.52999997138977,92.59569,0.40947944,0.28261003
24.630000352859497,93.74768,0.4139259,0.2630776
24.730000734329224,93.58768,0.41399327,0.27406457
24.829999208450317,93.43169,0.41399327,0.28627235
24.929999589920044,93.27968,0.41399327,0.29725936
25.02999997138977,93.13969,0.41399327,0.30946714
25.130000352859497,93.03568,0.41399327,0.32045412
25.230000734329224,92.91168,0.41406065,0.33144113
25.329999208450317,92.94768,0.41453224,0.33998656
25.429999589920044,93.13568,0.41567755,0.3436489
25.52999997138977,94.77568,0.42174092,0.31312945
25.630000352859497,94.631676,0.42187566,0.32289568
25.730000734329224,95.299675,0.42497468,0.31435025
25.829999208450317,95.83967,0.42713055,0.3106879
25.929999589920044,95.75568,0.42740005,0.32045412
26.02999997138977,95.77167,0.427939,0.3277788
26.130000352859497,96.50767,0.43130758,0.3167918
26.230000734329224,97.38767,0.4346761,0.30458403
26.329999208450317,97.85566,0.43710145,0.29970092
26.429999589920044,98.55167,0.44013312,0.2899347
26.52999997138977,98.679665,0.44107634,0.2948178
26.630000352859497,99.515656,0.44471434,0.28138924
26.730000734329224,99.50766,0.4453207,0.28749314
26.829999208450317,99.443665,0.44565752,0.29725936
26.929999589920044,99.31566,0.4457249,0.30824634
27.02999997138977,99.37566,0.44653335,0.31435025
27.130000352859497,100.711655,0.451923,0.2887139
27.230000734329224,100.91166,0.4528662,0.293597
27.329999208450317,100.81966,0.45327044,0.30214247
27.429999589920044,100.77566,0.4535399,0.3119087
27.52999997138977,101.04766,0.45522416,0.3119087
27.630000352859497,102.047646,0.4590643,0.29725936
27.730000734329224,102.043655,0.45973802,0.30336323
27.829999208450317,102.75965,0.4629718,0.293597
27.929999589920044,103.01565,0.4641845,0.29603857
28.02999997138977,102.923645,0.4643866,0.3058048
28.130000352859497,102.91565,0.4649929,0.31312945
28.230000734329224,103.00365,0.46566665,0.32045412
28.329999208450317,103.10765,0.4666772,0.32533723
28.429999589920044,104.407646,0.47166264,0.30214247
28.52999997138977,104.30364,0.4719995,0.3119087
28.630000352859497,105.827644,0.47826496,0.28016847
28.730000734329224,106.191635,0.47994924,0.28016847
28.829999208450317,107.13163,0.4839915,0.2630776
28.929999589920044,106.92764,0.48405886,0.27406457
29.02999997138977,106.84764,0.48426098,0.2838308
29.130000352859497,106.75164,0.48459783,0.293597
29.230000734329224,107.57163,0.48843798,0.27772692
29.329999208450317,108.11563,0.49052647,0.27528536
29.429999589920044,107.95163,0.49052647,0.28627235
29.52999997138977,107.79964,0.49052647,0.29848012
29.630000352859497,107.651634,0.49052647,0.30946714
29.730000734329224,107.56364,0.49072856,0.32045412
29.829999208450317,107.85564,0.49234545,0.32045412
29.929999589920044,108.983635,0.49658978,0.30214247
30.02999997138977,108.87163,0.49672455,0.31312945
30.129998445510864,108.80363,0.49706137,0.32289568
30.230000734329224,108.99163,0.49813932,0.32655802
30.329999208450317,110.01963,0.5023163,0.30946714
30.430001497268677,109.903625,0.5023837,0.32045412
30.52999997138977,109.791626,0.5025858,0.33022034
30.629998445510864,109.791626,0.5031922,0.337545
30.730000734329224,110.62362,0.5067628,0.32411647
30.829999208450317,112.45562,0.5140388,0.28627235
30.930001497268677,112.68362,0.5152515,0.2887139
31.02999997138977,112.61162,0.5157231,0.29725936
31.129998445510864,112.72362,0.5168684,0.30092168
31.230000734329224,114.05161,0.522056,0.27650613
31.329999208450317,113.94361,0.5223928,0.28505158
31.430001497268677,114.61961,0.5256266,0.27406457
31.52999997138977,114.491615,0.52569395,0.28627235
31.629998445510864,114.34361,0.52576137,0.29725936
31.730000734329224,114.27161,0.5260982,0.3058048
31.829999208450317,114.36361,0.526974,0.3119087
31.930001497268677,114.44761,0.5277151,0.31801257
32.02999997138977,114.6396,0.52892774,0.3216749
32.129998445510864,115.4356,0.5321616,0.30946714
32.230000734329224,115.31161,0.5322963,0.32045412
32.32999920845032,115.27161,0.53270054,0.32899958
32.43000149726868,115.51161,0.53418267,0.33144113
32.52999997138977,116.2036,0.53728175,0.32045412
32.629998445510864,116.759605,0.5396397,0.315571
32.730000734329224,116.6996,0.53997654,0.32533723
32.82999920845032,117.0836,0.54213244,0.3216749
32.93000149726868,119.1076,0.5500822,0.27772692
33.02999997138977,119.53559,0.5523054,0.27406457
33.129998445510864,119.33559,0.5523054,0.28627235
33.230000734329224,119.1596,0.5523054,0.29725936
33.32999920845032,118.9756,0.5523054,0.30946714
33.43000149726868,118.8276,0.5523054,0.32045412
33.52999997138977,118.735596,0.5523728,0.33144113
33.629998445510864,118.7996,0.5532486,0.337545
33.730000734329224,119.639595,0.55708873,0.3216749
33.82999920845032,120.34359,0.5597836,0.315571
33.93000149726868,120.18359,0.559851,0.32655802
34.02999997138977,120.16359,0.5603225,0.3338827
34.129998445510864,121.48759,0.56557745,0.30946714
34.230000734329224,121.33159,0.56557745,0.3216749
34.32999920845032,121.239586,0.5659143,0.33022034
34.43000149726868,121.77559,0.56867653,0.32289568
34.52999997138977,122.71558,0.57224715,0.30946714
34.629998445510864,122.783585,0.573662,0.3119087
34.730000734329224,123.75158,0.57763684,0.29603857
34.82999920845032,123.94758,0.57911897,0.29603857
34.93000149726868,124.591576,0.58221805,0.28627235
35.02999997138977,124.55958,0.58275706,0.2948178
35.129998445510864,124.39157,0.58275706,0.3058048
35.230000734329224,124.26758,0.58282435,0.3167918
35.32999920845032,124.18358,0.583296,0.32533723
35.43000149726868,124.411575,0.584576,0.3277788
35.52999997138977,125.85557,0.59050465,0.29848012
35.629998445510864,125.95158,0.59144783,0.30336323
35.730000734329224,125.871574,0.5917847,0.31312945
35.82999920845032,126.167564,0.5935363,0.3119087
35.93000149726868,126.875565,0.59663534,0.30214247
36.02999997138977,126.85157,0.59717435,0.30946714
36.129998445510864,126.819565,0.5977133,0.31801257
36.230000734329224,127.71957,0.60175556,0.30214247
36.32999920845032,127.89957,0.60290086,0.30458403
36.43000149726868,127.83956,0.6033051,0.31312945
36.52999997138977,127.86756,0.6039788,0.32045412
36.629998445510864,128.38356,0.60680836,0.31312945
36.730000734329224,129.02756,0.6095032,0.3058048
36.82999920845032,129.18356,0.61071587,0.30946714
36.93000149726868,130.82755,0.6175877,0.2728438
37.02999997138977,131.70355,0.62156254,0.25697368
37.129998445510864,131.45955,0.62156254,0.2679607
37.230000734329224,131.24756,0.6216299,0.27894768
37.32999920845032,131.09555,0.6216973,0.2899347
37.43000149726868,131.04756,0.62223625,0.29848012
37.52999997138977,130.97156,0.6225731,0.30702558
37.629998445510864,132.15155,0.62782806,0.28261003
37.730000734329224,132.31154,0.6287039,0.28749314
37.82999920845032,132.13556,0.62877125,0.29848012
37.93000149726868,131.99156,0.62877125,0.3106879
38.02999997138977,131.83156,0.62890595,0.3216749
38.129998445510864,132.03555,0.6303208,0.32289568
38.230000734329224,133.13954,0.6346999,0.30336323
38.32999920845032,132.97955,0.6347672,0.315571
38.43000149726868,132.91154,0.6353062,0.32289568
38.52999997138977,133.51955,0.6382705,0.31435025
38.629998445510864,133.98354,0.6404264,0.3106879
38.730000734329224,133.85555,0.6405611,0.3216749
38.82999920845032,133.76755,0.6408306,0.33144113
38.93000149726868,134.63155,0.64500755,0.31435025
39.02999997138977,136.49153,0.65235096,0.27406457
39.129998445510864,136.29153,0.6524857,0.28505158
39.230000734329224,136.09953,0.6525531,0.29603857
39.32999920845032,135.93153,0.6526205,0.30702558
39.43000149726868,135.93153,0.6534289,0.31312945
39.52999997138977,136.86353,0.6578754,0.293597
39.629998445510864,137.89554,0.6622545,0.27528536
39.730000734329224,137.98753,0.66333246,0.27894768
39.82999920845032,137.77153,0.66346717,0.2899347
39.93000149726868,137.61153,0.6636019,0.29970092
40.02999997138977,137.46753,0.6638714,0.30946714
40.129998445510864,137.56354,0.6649493,0.31312945
40.230000734329224,137.57553,0.6656904,0.32045412
40.32999920845032,137.71153,0.6668357,0.32411647
40.43000149726868,138.48753,0.67040634,0.3106879
40.52999997138977,138.31554,0.67060846,0.32045412
40.629998445510864,138.28754,0.6713495,0.3277788
40.730000734329224,138.97153,0.67478544,0.315571
40.82999920845032,139.47952,0.6773455,0.30946714
40.93000149726868,139.40353,0.6779519,0.315571
41.02999997138977,140.12752,0.68212885,0.29970092
41.129998445510864,141.71951,0.6890681,0.2618568
41.230000734329224,141.66353,0.6900786,0.2667399
41.32999920845032,141.18352,0.6900786,0.27772692
41.43000149726868,140.55151,0.6900786,0.2899347
41.52999997138977,49.51183,0.69014597,0.30092168
41.629998445510864,49.43183,0.69028074,0.3119087
41.730000734329224,49.395832,0.6904828,0.3216749
41.82999920845032,49.363834,0.69115657,0.32899958
41.93000149726868,49.26783,0.6933124,0.32533723
42.02999997138977,49.19983,0.6974894,0.30824634
42.129998445510864,49.211834,0.6976915,0.31801257
42.230000734329224,49.191833,0.6978262,0.32899958
42.32999920845032,49.223835,0.6990389,0.33144113
42.43000149726868,49.21983,0.7036875,0.3106879
42.52999997138977,49.23983,0.703957,0.32045412
42.629998445510864,49.23983,0.7071234,0.3106879
42.730000734329224,49.203835,0.7104246,0.29970092
42.82999920845032,49.231834,0.7116372,0.30214247
42.93000149726868,49.207832,0.7158143,0.28505158
43.02999997138977,49.223835,0.7168922,0.2887139
43.129998445510864,49.21583,0.7174311,0.29725936
43.230000734329224,49.231834,0.7205302,0.28627235
43.32999920845032,49.23983,0.72093445,0.29603857
43.43000149726868,49.227833,0.72160816,0.30214247
43.52999997138977,49.211834,0.72221446,0.30946714
43.629998445510864,49.21583,0.7234945,0.31312945
43.730000734329224,49.191833,0.72854733,0.2887139
43.82999920845032,49.19983,0.72888416,0.29848012
43.93000149726868,49.19583,0.7292884,0.30702558
44.02999997138977,49.191833,0.7300969,0.31312945
44.129998445510864,49.191833,0.73373485,0.29970092
44.230000734329224,49.203835,0.7351496,0.30092168
44.32999920845032,49.18783,0.7356886,0.30824634
44.43000149726868,49.203835,0.73946136,0.293597
44.52999997138977,49.21983,0.74047196,0.29848012
44.629998445510864,49.183834,0.74074143,0.30824634
44.730000734329224,49.21983,0.7416846,0.31312945
44.82999920845032,49.207832,0.7421562,0.3216749
44.93000149726868,49.21583,0.74741113,0.29725936
45.02999997138977,49.21983,0.7476806,0.30702558
45.129998445510864,49.223835,0.75030804,0.29970092
